timestamp,x,y,velocity,altitude,mode,battery,signal
2026-04-02T09:46:14.426578,0.0,,,,,,
2026-04-02T09:46:14.427215,0.0,0.0,,,,,
2026-04-02T09:46:14.427291,0.0,0.0,5.0,,,,
2026-04-02T09:46:14.427323,0.0,0.0,5.0,15.0,,,
2026-04-02T09:46:14.427475,0.0,0.0,5.0,15.0,MANUAL,,
2026-04-02T09:46:14.428951,0.0,0.0,5.0,15.0,MANUAL,99,
2026-04-02T09:46:14.429655,0.0,0.0,5.0,15.0,MANUAL,99,3
2026-04-02T09:46:15.169434,5.0,0.0,5.0,15.0,MANUAL,99,3
2026-04-02T09:46:15.484143,5.0,0.0,5.0,15.0,MANUAL,99,3
2026-04-02T09:46:15.485772,5.0,0.0,5.0,15.0,MANUAL,99,3
2026-04-02T09:46:15.485885,5.0,0.0,5.0,16.0,MANUAL,99,3
2026-04-02T09:46:15.485962,5.0,0.0,5.0,16.0,MANUAL,99,3
2026-04-02T09:46:15.486036,5.0,0.0,5.0,16.0,MANUAL,99,3
2026-04-02T09:46:15.486107,5.0,0.0,5.0,16.0,MANUAL,99,3
2026-04-02T09:46:16.212377,10.0,0.0,5.0,16.0,MANUAL,99,3
2026-04-02T09:46:16.483512,10.0,0.0,5.0,16.0,MANUAL,99,3
2026-04-02T09:46:16.485074,10.0,0.0,5.0,16.0,MANUAL,99,3
2026-04-02T09:46:16.485213,10.0,0.0,5.0,16.9,MANUAL,99,3
2026-04-02T09:46:16.493094,10.0,0.0,5.0,16.9,MANUAL,99,3
2026-04-02T09:46:16.493220,10.0,0.0,5.0,16.9,MANUAL,99,3
2026-04-02T09:46:16.493334,10.0,0.0,5.0,16.9,MANUAL,99,4
2026-04-02T09:46:17.242963,15.0,0.0,5.0,16.9,MANUAL,99,4
2026-04-02T09:46:17.243728,15.0,0.0,5.0,16.9,MANUAL,99,4
2026-04-02T09:46:17.243948,15.0,0.0,5.0,16.9,MANUAL,99,4
2026-04-02T09:46:17.244045,15.0,0.0,5.0,17.8,MANUAL,99,4
2026-04-02T09:46:17.246272,15.0,0.0,5.0,17.8,MANUAL,99,4
2026-04-02T09:46:17.246398,15.0,0.0,5.0,17.8,MANUAL,98,4
2026-04-02T09:46:17.246538,15.0,0.0,5.0,17.8,MANUAL,98,4
2026-04-02T09:46:22.692746,20.0,0.0,5.0,17.8,MANUAL,98,4
2026-04-02T09:46:22.692881,20.0,0.0,5.0,17.8,MANUAL,98,4
2026-04-02T09:46:23.013102,20.0,0.0,5.0,17.8,MANUAL,98,4
2026-04-02T09:46:23.294782,20.0,0.0,5.0,18.6,MANUAL,98,4
2026-04-02T09:46:23.294938,20.0,0.0,5.0,18.6,MANUAL,98,4
2026-04-02T09:46:23.295021,20.0,0.0,5.0,18.6,MANUAL,98,4
2026-04-02T09:46:23.302118,20.0,0.0,5.0,18.6,MANUAL,98,4
2026-04-02T09:46:24.530716,25.0,0.0,5.0,18.6,MANUAL,98,4
2026-04-02T09:46:24.530836,25.0,0.0,5.0,18.6,MANUAL,98,4
2026-04-02T09:46:24.530916,25.0,0.0,5.0,18.6,MANUAL,98,4
2026-04-02T09:46:24.530996,25.0,0.0,5.0,19.2,MANUAL,98,4
2026-04-02T09:46:24.531071,25.0,0.0,5.0,19.2,MANUAL,98,4
2026-04-02T09:46:24.912998,25.0,0.0,5.0,19.2,MANUAL,98,4
2026-04-02T09:46:24.913280,25.0,0.0,5.0,19.2,MANUAL,98,4
2026-04-02T09:46:24.913512,30.0,0.0,5.0,19.2,MANUAL,98,4
2026-04-02T09:46:25.300971,30.0,0.0,5.0,19.2,MANUAL,98,4
2026-04-02T09:46:25.301303,30.0,0.0,5.0,19.2,MANUAL,98,4
2026-04-02T09:46:25.301614,30.0,0.0,5.0,19.7,MANUAL,98,4
2026-04-02T09:46:25.301852,30.0,0.0,5.0,19.7,MANUAL,98,4
2026-04-02T09:46:25.301944,30.0,0.0,5.0,19.7,MANUAL,97,4
2026-04-02T09:46:25.303162,30.0,0.0,5.0,19.7,MANUAL,97,4
2026-04-02T09:46:25.303259,35.0,0.0,5.0,19.7,MANUAL,97,4
2026-04-02T09:46:25.610039,35.0,0.0,5.0,19.7,MANUAL,97,4
2026-04-02T09:46:25.610416,35.0,0.0,5.0,19.7,MANUAL,97,4
2026-04-02T09:46:25.610655,35.0,0.0,5.0,19.9,MANUAL,97,4
2026-04-02T09:46:25.907368,35.0,0.0,5.0,19.9,MANUAL,97,4
2026-04-02T09:46:25.907675,35.0,0.0,5.0,19.9,MANUAL,97,4
2026-04-02T09:46:25.907849,35.0,0.0,5.0,19.9,MANUAL,97,4
2026-04-02T09:46:25.907955,40.0,0.0,5.0,19.9,MANUAL,97,4
2026-04-02T09:46:25.908042,40.0,0.0,5.0,19.9,MANUAL,97,4
2026-04-02T09:46:25.908156,40.0,0.0,5.0,19.9,MANUAL,97,4
2026-04-02T09:46:25.908379,40.0,0.0,5.0,20.0,MANUAL,97,4
2026-04-02T09:46:26.187095,40.0,0.0,5.0,20.0,MANUAL,97,4
2026-04-02T09:46:26.187216,40.0,0.0,5.0,20.0,MANUAL,97,4
2026-04-02T09:46:26.187310,40.0,0.0,5.0,20.0,MANUAL,97,4
2026-04-02T09:46:26.497491,45.0,0.0,5.0,20.0,MANUAL,97,4
2026-04-02T09:46:26.497812,45.0,2.0,5.0,20.0,MANUAL,97,4
2026-04-02T09:46:26.497908,45.0,2.0,5.0,20.0,MANUAL,97,4
2026-04-02T09:46:26.498225,45.0,2.0,5.0,19.9,MANUAL,97,4
2026-04-02T09:46:26.498308,45.0,2.0,5.0,19.9,MANUAL,97,4
2026-04-02T09:46:26.498381,45.0,2.0,5.0,19.9,MANUAL,97,4
2026-04-02T09:46:26.500696,45.0,2.0,5.0,19.9,MANUAL,97,3
2026-04-02T09:46:26.898041,50.0,2.0,5.0,19.9,MANUAL,97,3
2026-04-02T09:46:26.898162,50.0,4.0,5.0,19.9,MANUAL,97,3
2026-04-02T09:46:26.898293,50.0,4.0,5.0,19.9,MANUAL,97,3
2026-04-02T09:46:27.229925,50.0,4.0,5.0,19.5,MANUAL,97,3
2026-04-02T09:46:27.230056,50.0,4.0,5.0,19.5,MANUAL,97,3
2026-04-02T09:46:27.230142,50.0,4.0,5.0,19.5,MANUAL,96,3
2026-04-02T09:46:27.230221,50.0,4.0,5.0,19.5,MANUAL,96,3
2026-04-02T09:46:27.230297,50.0,4.0,5.0,19.5,MANUAL,96,3
2026-04-02T09:46:27.230390,50.0,7.0,5.0,19.5,MANUAL,96,3
2026-04-02T09:46:27.230526,50.0,7.0,5.0,19.5,MANUAL,96,3
2026-04-02T09:46:27.571048,50.0,7.0,5.0,19.0,MANUAL,96,3
2026-04-02T09:46:27.571170,50.0,7.0,5.0,19.0,MANUAL,96,3
2026-04-02T09:46:27.571248,50.0,7.0,5.0,19.0,MANUAL,96,3
2026-04-02T09:46:27.864960,50.0,7.0,5.0,19.0,MANUAL,96,3
2026-04-02T09:46:27.865112,50.0,7.0,5.0,19.0,MANUAL,96,3
2026-04-02T09:46:27.865206,50.0,10.0,5.0,19.0,MANUAL,96,3
2026-04-02T09:46:27.867245,50.0,10.0,5.0,19.0,MANUAL,96,3
2026-04-02T09:46:27.867355,50.0,10.0,5.0,18.4,MANUAL,96,3
2026-04-02T09:46:27.867532,50.0,10.0,5.0,18.4,MANUAL,96,3
2026-04-02T09:46:27.867613,50.0,10.0,5.0,18.4,MANUAL,96,3
2026-04-02T09:46:28.193445,50.0,10.0,5.0,18.4,MANUAL,96,3
2026-04-02T09:46:28.193580,50.0,10.0,5.0,18.4,MANUAL,96,3
2026-04-02T09:46:28.193687,50.0,17.0,5.0,18.4,MANUAL,96,3
2026-04-02T09:46:28.193793,50.0,17.0,5.0,18.4,MANUAL,96,3
2026-04-02T09:46:28.499902,50.0,17.0,5.0,17.6,MANUAL,96,3
2026-04-02T09:46:28.506181,50.0,17.0,5.0,17.6,MANUAL,96,3
2026-04-02T09:46:28.506504,50.0,17.0,5.0,17.6,MANUAL,95,3
2026-04-02T09:46:28.506628,50.0,17.0,5.0,17.6,MANUAL,95,4
2026-04-02T09:46:28.506849,50.0,17.0,5.0,17.6,MANUAL,95,4
2026-04-02T09:46:28.536183,50.0,20.0,5.0,17.6,MANUAL,95,4
2026-04-02T09:46:28.817262,50.0,20.0,5.0,17.6,MANUAL,95,4
2026-04-02T09:46:28.817384,50.0,20.0,5.0,16.7,MANUAL,95,4
2026-04-02T09:46:28.817463,50.0,20.0,5.0,16.7,MANUAL,95,4
2026-04-02T09:46:28.817536,50.0,20.0,5.0,16.7,MANUAL,95,4
2026-04-02T09:46:28.817610,50.0,20.0,5.0,16.7,MANUAL,95,4
2026-04-02T09:46:29.175201,50.0,20.0,5.0,16.7,MANUAL,95,4
2026-04-02T09:46:29.694665,50.0,25.0,5.0,16.7,MANUAL,95,4
2026-04-02T09:46:29.695252,50.0,25.0,5.0,16.7,MANUAL,95,4
2026-04-02T09:46:29.695433,50.0,25.0,5.0,15.7,MANUAL,95,4
2026-04-02T09:46:29.695516,50.0,25.0,5.0,15.7,MANUAL,95,4
2026-04-02T09:46:29.697621,50.0,25.0,5.0,15.7,MANUAL,95,4
2026-04-02T09:46:29.697717,50.0,25.0,5.0,15.7,MANUAL,95,4
2026-04-02T09:46:30.185137,50.0,25.0,5.0,15.7,MANUAL,95,4
2026-04-02T09:46:30.253151,50.0,30.0,5.0,15.7,MANUAL,95,4
2026-04-02T09:46:30.266901,50.0,30.0,5.0,15.7,MANUAL,95,4
2026-04-02T09:46:30.267037,50.0,30.0,5.0,14.7,MANUAL,95,4
2026-04-02T09:46:30.267116,50.0,30.0,5.0,14.7,MANUAL,95,4
2026-04-02T09:46:30.279865,50.0,30.0,5.0,14.7,MANUAL,94,4
2026-04-02T09:46:30.279994,50.0,30.0,5.0,14.7,MANUAL,94,4
2026-04-02T09:46:31.172214,50.0,30.0,5.0,14.7,MANUAL,94,4
2026-04-02T09:46:31.606515,50.0,35.0,5.0,14.7,MANUAL,94,4
2026-04-02T09:46:31.608862,50.0,35.0,5.0,14.7,MANUAL,94,4
2026-04-02T09:46:31.609014,50.0,35.0,5.0,13.7,MANUAL,94,4
2026-04-02T09:46:31.609106,50.0,35.0,5.0,13.7,MANUAL,94,4
2026-04-02T09:46:31.609236,50.0,35.0,5.0,13.7,MANUAL,94,4
2026-04-02T09:46:31.609329,50.0,35.0,5.0,13.7,MANUAL,94,4
2026-04-02T09:46:32.275795,50.0,35.0,5.0,13.7,MANUAL,94,4
2026-04-02T09:46:32.665711,50.0,40.0,5.0,13.7,MANUAL,94,4
2026-04-02T09:46:32.666054,50.0,40.0,5.0,13.7,MANUAL,94,4
2026-04-02T09:46:32.666165,50.0,40.0,5.0,12.8,MANUAL,94,4
2026-04-02T09:46:32.666244,50.0,40.0,5.0,12.8,MANUAL,94,4
2026-04-02T09:46:32.666349,50.0,40.0,5.0,12.8,MANUAL,94,4
2026-04-02T09:46:32.666637,50.0,40.0,5.0,12.8,MANUAL,94,4
2026-04-02T09:46:33.297872,50.0,40.0,5.0,12.8,MANUAL,94,4
2026-04-02T09:46:33.338502,50.0,45.0,5.0,12.8,MANUAL,94,4
2026-04-02T09:46:33.338883,50.0,45.0,5.0,12.8,MANUAL,94,4
2026-04-02T09:46:33.339003,50.0,45.0,5.0,11.9,MANUAL,94,4
2026-04-02T09:46:33.339323,50.0,45.0,5.0,11.9,MANUAL,94,4
2026-04-02T09:46:33.339407,50.0,45.0,5.0,11.9,MANUAL,94,4
2026-04-02T09:46:33.341471,50.0,45.0,5.0,11.9,MANUAL,94,4
2026-04-02T09:46:34.267769,50.0,45.0,5.0,11.9,MANUAL,94,4
2026-04-02T09:46:34.268711,50.0,46.0,5.0,11.9,MANUAL,94,4
2026-04-02T09:46:34.269214,50.0,46.0,5.0,11.9,MANUAL,94,4
2026-04-02T09:46:34.269444,50.0,46.0,5.0,11.2,MANUAL,94,4
2026-04-02T09:46:34.269535,50.0,46.0,5.0,11.2,MANUAL,94,4
2026-04-02T09:46:34.269695,50.0,46.0,5.0,11.2,MANUAL,93,4
2026-04-02T09:46:34.269775,50.0,46.0,5.0,11.2,MANUAL,93,3
2026-04-02T09:46:35.436838,45.0,46.0,5.0,11.2,MANUAL,93,3
2026-04-02T09:46:35.437079,45.0,44.0,5.0,11.2,MANUAL,93,3
2026-04-02T09:46:35.437409,45.0,44.0,5.0,11.2,MANUAL,93,3
2026-04-02T09:46:35.437497,45.0,44.0,5.0,10.6,MANUAL,93,3
2026-04-02T09:46:35.440083,45.0,44.0,5.0,10.6,MANUAL,93,3
2026-04-02T09:46:35.440182,45.0,44.0,5.0,10.6,MANUAL,93,3
2026-04-02T09:46:35.440263,45.0,44.0,5.0,10.6,MANUAL,93,3
2026-04-02T09:46:36.407336,40.0,44.0,5.0,10.6,MANUAL,93,3
2026-04-02T09:46:36.407514,40.0,44.0,5.0,10.6,MANUAL,93,3
2026-04-02T09:46:36.407628,40.0,44.0,5.0,10.6,MANUAL,93,3
2026-04-02T09:46:36.409516,40.0,44.0,5.0,10.2,MANUAL,93,3
2026-04-02T09:46:36.409643,40.0,44.0,5.0,10.2,MANUAL,93,3
2026-04-02T09:46:36.409725,40.0,44.0,5.0,10.2,MANUAL,93,3
2026-04-02T09:46:36.585575,40.0,44.0,5.0,10.2,MANUAL,93,3
2026-04-02T09:46:37.214184,35.0,44.0,5.0,10.2,MANUAL,93,3
2026-04-02T09:46:37.214326,35.0,38.0,5.0,10.2,MANUAL,93,3
2026-04-02T09:46:37.214409,35.0,38.0,5.0,10.2,MANUAL,93,3
2026-04-02T09:46:37.216738,35.0,38.0,5.0,10.0,MANUAL,93,3
2026-04-02T09:46:37.216842,35.0,38.0,5.0,10.0,MANUAL,93,3
2026-04-02T09:46:37.216926,35.0,38.0,5.0,10.0,MANUAL,92,3
2026-04-02T09:46:37.217005,35.0,38.0,5.0,10.0,MANUAL,92,4
2026-04-02T09:46:38.282925,30.0,38.0,5.0,10.0,MANUAL,92,4
2026-04-02T09:46:38.285164,30.0,38.0,5.0,10.0,MANUAL,92,4
2026-04-02T09:46:38.285471,30.0,38.0,5.0,10.0,MANUAL,92,4
2026-04-02T09:46:38.285849,30.0,38.0,5.0,10.0,MANUAL,92,4
2026-04-02T09:46:38.286058,30.0,38.0,5.0,10.0,MANUAL,92,4
2026-04-02T09:46:38.286360,30.0,38.0,5.0,10.0,MANUAL,92,4
2026-04-02T09:46:38.286571,30.0,38.0,5.0,10.0,MANUAL,92,4
2026-04-02T09:46:39.368959,25.0,38.0,5.0,10.0,MANUAL,92,4
2026-04-02T09:46:39.370971,25.0,42.0,5.0,10.0,MANUAL,92,4
2026-04-02T09:46:39.371090,25.0,42.0,5.0,10.0,MANUAL,92,4
2026-04-02T09:46:39.371184,25.0,42.0,5.0,10.2,MANUAL,92,4
2026-04-02T09:46:39.371324,25.0,42.0,5.0,10.2,MANUAL,92,4
2026-04-02T09:46:39.371405,25.0,42.0,5.0,10.2,MANUAL,92,4
2026-04-02T09:46:39.371482,25.0,42.0,5.0,10.2,MANUAL,92,4
2026-04-02T09:46:40.340013,20.0,42.0,5.0,10.2,MANUAL,92,4
2026-04-02T09:46:40.659101,20.0,48.0,5.0,10.2,MANUAL,92,4
2026-04-02T09:46:40.659242,20.0,48.0,5.0,10.2,MANUAL,92,4
2026-04-02T09:46:40.659333,20.0,48.0,5.0,10.6,MANUAL,92,4
2026-04-02T09:46:40.659417,20.0,48.0,5.0,10.6,MANUAL,92,4
2026-04-02T09:46:40.659535,20.0,48.0,5.0,10.6,MANUAL,91,4
2026-04-02T09:46:40.661953,20.0,48.0,5.0,10.6,MANUAL,91,4
2026-04-02T09:46:41.190356,15.0,48.0,5.0,10.6,MANUAL,91,4
2026-04-02T09:46:41.249741,15.0,50.0,5.0,10.6,MANUAL,91,4
2026-04-02T09:46:41.249911,15.0,50.0,5.0,10.6,MANUAL,91,4
2026-04-02T09:46:41.250030,15.0,50.0,5.0,11.1,MANUAL,91,4
2026-04-02T09:46:41.252619,15.0,50.0,5.0,11.1,MANUAL,91,4
2026-04-02T09:46:41.252730,15.0,50.0,5.0,11.1,MANUAL,91,4
2026-04-02T09:46:41.252814,15.0,50.0,5.0,11.1,MANUAL,91,4
2026-04-02T09:46:42.172211,14.0,50.0,5.0,11.1,MANUAL,91,4
2026-04-02T09:46:42.459310,14.0,50.0,5.0,11.1,MANUAL,91,4
2026-04-02T09:46:42.468088,14.0,50.0,5.0,11.1,MANUAL,91,4
2026-04-02T09:46:42.468320,14.0,50.0,5.0,11.8,MANUAL,91,4
2026-04-02T09:46:42.468622,14.0,50.0,5.0,11.8,MANUAL,91,4
2026-04-02T09:46:42.469874,14.0,50.0,5.0,11.8,MANUAL,91,4
2026-04-02T09:46:42.469973,14.0,50.0,5.0,11.8,MANUAL,91,4
2026-04-02T09:46:43.173447,5.0,50.0,5.0,11.8,MANUAL,91,4
2026-04-02T09:46:43.458466,5.0,50.0,5.0,11.8,MANUAL,91,4
2026-04-02T09:46:43.477769,5.0,50.0,5.0,11.8,MANUAL,91,4
2026-04-02T09:46:43.478112,5.0,50.0,5.0,12.7,MANUAL,91,4
2026-04-02T09:46:43.478220,5.0,50.0,5.0,12.7,MANUAL,91,4
2026-04-02T09:46:43.478301,5.0,50.0,5.0,12.7,MANUAL,91,4
2026-04-02T09:46:43.479150,5.0,50.0,5.0,12.7,MANUAL,91,4
2026-04-02T09:46:44.172116,0.0,50.0,5.0,12.7,MANUAL,91,4
2026-04-02T09:46:44.501059,0.0,50.0,5.0,12.7,MANUAL,91,4
2026-04-02T09:46:44.501266,0.0,50.0,5.0,12.7,MANUAL,91,4
2026-04-02T09:46:44.506030,0.0,50.0,5.0,13.6,MANUAL,91,4
2026-04-02T09:46:44.506170,0.0,50.0,5.0,13.6,MANUAL,91,4
2026-04-02T09:46:44.506255,0.0,50.0,5.0,13.6,MANUAL,90,4
2026-04-02T09:46:44.506335,0.0,50.0,5.0,13.6,MANUAL,90,3
2026-04-02T09:46:45.454762,0.0,50.0,5.0,13.6,MANUAL,90,3
2026-04-02T09:46:45.727470,0.0,45.0,5.0,13.6,MANUAL,90,3
2026-04-02T09:46:45.729528,0.0,45.0,5.0,13.6,MANUAL,90,3
2026-04-02T09:46:45.729645,0.0,45.0,5.0,14.6,MANUAL,90,3
2026-04-02T09:46:45.729728,0.0,45.0,5.0,14.6,MANUAL,90,3
2026-04-02T09:46:45.729806,0.0,45.0,5.0,14.6,MANUAL,90,3
2026-04-02T09:46:45.729883,0.0,45.0,5.0,14.6,MANUAL,90,3
2026-04-02T09:46:46.175428,0.0,45.0,5.0,14.6,MANUAL,90,3
2026-04-02T09:46:46.464552,0.0,40.0,5.0,14.6,MANUAL,90,3
2026-04-02T09:46:46.464868,0.0,40.0,5.0,14.6,MANUAL,90,3
2026-04-02T09:46:46.465008,0.0,40.0,5.0,15.6,MANUAL,90,3
2026-04-02T09:46:46.472493,0.0,40.0,5.0,15.6,MANUAL,90,3
2026-04-02T09:46:46.472625,0.0,40.0,5.0,15.6,MANUAL,90,3
2026-04-02T09:46:46.472707,0.0,40.0,5.0,15.6,MANUAL,90,3
2026-04-02T09:46:47.184591,0.0,40.0,5.0,15.6,MANUAL,90,3
2026-04-02T09:46:47.486485,0.0,35.0,5.0,15.6,MANUAL,90,3
2026-04-02T09:46:47.486662,0.0,35.0,5.0,15.6,MANUAL,90,3
2026-04-02T09:46:47.486791,0.0,35.0,5.0,16.6,MANUAL,90,3
2026-04-02T09:46:47.489074,0.0,35.0,5.0,16.6,MANUAL,90,3
2026-04-02T09:46:47.489208,0.0,35.0,5.0,16.6,MANUAL,89,3
2026-04-02T09:46:47.489292,0.0,35.0,5.0,16.6,MANUAL,89,3
2026-04-02T09:46:48.207412,0.0,35.0,5.0,16.6,MANUAL,89,3
2026-04-02T09:46:48.507561,0.0,30.0,5.0,16.6,MANUAL,89,3
2026-04-02T09:46:48.508001,0.0,30.0,5.0,16.6,MANUAL,89,3
2026-04-02T09:46:48.509810,0.0,30.0,5.0,17.5,MANUAL,89,3
2026-04-02T09:46:48.509915,0.0,30.0,5.0,17.5,MANUAL,89,3
2026-04-02T09:46:48.510017,0.0,30.0,5.0,17.5,MANUAL,89,3
2026-04-02T09:46:48.510100,0.0,30.0,5.0,17.5,MANUAL,89,4
2026-04-02T09:46:49.197932,0.0,30.0,5.0,17.5,MANUAL,89,4
2026-04-02T09:46:49.477378,0.0,25.0,5.0,17.5,MANUAL,89,4
2026-04-02T09:46:49.490307,0.0,25.0,5.0,17.5,MANUAL,89,4
2026-04-02T09:46:49.490443,0.0,25.0,5.0,18.3,MANUAL,89,4
2026-04-02T09:46:49.490525,0.0,25.0,5.0,18.3,MANUAL,89,4
2026-04-02T09:46:49.490605,0.0,25.0,5.0,18.3,MANUAL,89,4
2026-04-02T09:46:49.490683,0.0,25.0,5.0,18.3,MANUAL,89,4
2026-04-02T09:46:50.181490,2.0,25.0,5.0,18.3,MANUAL,89,4
2026-04-02T09:46:50.471424,2.0,20.0,5.0,18.3,MANUAL,89,4
2026-04-02T09:46:50.473425,2.0,20.0,5.0,18.3,MANUAL,89,4
2026-04-02T09:46:50.473533,2.0,20.0,5.0,19.0,MANUAL,89,4
2026-04-02T09:46:50.473617,2.0,20.0,5.0,19.0,MANUAL,89,4
2026-04-02T09:46:50.473701,2.0,20.0,5.0,19.0,MANUAL,88,4
2026-04-02T09:46:50.473779,2.0,20.0,5.0,19.0,MANUAL,88,4
2026-04-02T09:46:51.183840,0.0,20.0,5.0,19.0,MANUAL,88,4
2026-04-02T09:46:51.519900,0.0,15.0,5.0,19.0,MANUAL,88,4
2026-04-02T09:46:51.520089,0.0,15.0,5.0,19.0,MANUAL,88,4
2026-04-02T09:46:51.521998,0.0,15.0,5.0,19.5,MANUAL,88,4
2026-04-02T09:46:51.522125,0.0,15.0,5.0,19.5,MANUAL,88,4
2026-04-02T09:46:51.522211,0.0,15.0,5.0,19.5,MANUAL,88,4
2026-04-02T09:46:51.522291,0.0,15.0,5.0,19.5,MANUAL,88,4
2026-04-02T09:46:52.197128,0.0,15.0,5.0,19.5,MANUAL,88,4
2026-04-02T09:46:52.523612,0.0,10.0,5.0,19.5,MANUAL,88,4
2026-04-02T09:46:52.523963,0.0,10.0,5.0,19.5,MANUAL,88,4
2026-04-02T09:46:52.524231,0.0,10.0,5.0,19.8,MANUAL,88,4
2026-04-02T09:46:52.524332,0.0,10.0,5.0,19.8,MANUAL,88,4
2026-04-02T09:46:52.524417,0.0,10.0,5.0,19.8,MANUAL,88,4
2026-04-02T09:46:52.526475,0.0,10.0,5.0,19.8,MANUAL,88,4
2026-04-02T09:46:53.386266,0.0,10.0,5.0,19.8,MANUAL,88,4
2026-04-02T09:46:53.779736,0.0,5.0,5.0,19.8,MANUAL,88,4
2026-04-02T09:46:53.780182,0.0,5.0,5.0,19.8,MANUAL,88,4
2026-04-02T09:46:53.782504,0.0,5.0,5.0,20.0,MANUAL,88,4
2026-04-02T09:46:53.782631,0.0,5.0,5.0,20.0,MANUAL,88,4
2026-04-02T09:46:53.782745,0.0,5.0,5.0,20.0,MANUAL,88,4
2026-04-02T09:46:53.782839,0.0,5.0,5.0,20.0,MANUAL,88,4
2026-04-02T09:46:54.195904,0.0,5.0,5.0,20.0,MANUAL,88,4
2026-04-02T09:46:54.484329,0.0,0.0,5.0,20.0,MANUAL,88,4
2026-04-02T09:46:54.485064,0.0,0.0,5.0,20.0,MANUAL,88,4
2026-04-02T09:46:54.485231,0.0,0.0,5.0,19.9,MANUAL,88,4
2026-04-02T09:46:54.487473,0.0,0.0,5.0,19.9,MANUAL,88,4
2026-04-02T09:46:54.487582,0.0,0.0,5.0,19.9,MANUAL,87,4
2026-04-02T09:46:54.488841,0.0,0.0,5.0,19.9,MANUAL,87,4
2026-04-02T09:46:55.366699,5.0,0.0,5.0,19.9,MANUAL,87,4
2026-04-02T09:46:55.635462,5.0,0.0,5.0,19.9,MANUAL,87,4
2026-04-02T09:46:55.635707,5.0,0.0,5.0,19.9,MANUAL,87,4
2026-04-02T09:46:55.635822,5.0,0.0,5.0,19.7,MANUAL,87,4
2026-04-02T09:46:55.637258,5.0,0.0,5.0,19.7,MANUAL,87,4
2026-04-02T09:46:55.637361,5.0,0.0,5.0,19.7,MANUAL,87,4
2026-04-02T09:46:55.637450,5.0,0.0,5.0,19.7,MANUAL,87,3
2026-04-02T09:46:56.349412,10.0,0.0,5.0,19.7,MANUAL,87,3
2026-04-02T09:46:56.668715,10.0,0.0,5.0,19.7,MANUAL,87,3
2026-04-02T09:46:56.673072,10.0,0.0,5.0,19.7,MANUAL,87,3
2026-04-02T09:46:56.673223,10.0,0.0,5.0,19.3,MANUAL,87,3
2026-04-02T09:46:56.673560,10.0,0.0,5.0,19.3,MANUAL,87,3
2026-04-02T09:46:56.674903,10.0,0.0,5.0,19.3,MANUAL,87,3
2026-04-02T09:46:56.675007,10.0,0.0,5.0,19.3,MANUAL,87,3
2026-04-02T09:46:57.219182,15.0,0.0,5.0,19.3,MANUAL,87,3
2026-04-02T09:46:57.508655,15.0,0.0,5.0,19.3,MANUAL,87,3
2026-04-02T09:46:57.511844,15.0,0.0,5.0,19.3,MANUAL,87,3
2026-04-02T09:46:57.511989,15.0,0.0,5.0,18.7,MANUAL,87,3
2026-04-02T09:46:57.512075,15.0,0.0,5.0,18.7,MANUAL,87,3
2026-04-02T09:46:57.512158,15.0,0.0,5.0,18.7,MANUAL,86,3
2026-04-02T09:46:57.519048,15.0,0.0,5.0,18.7,MANUAL,86,3
2026-04-02T09:46:58.196785,20.0,0.0,5.0,18.7,MANUAL,86,3
2026-04-02T09:46:58.483928,20.0,0.0,5.0,18.7,MANUAL,86,3
2026-04-02T09:46:58.484238,20.0,0.0,5.0,18.7,MANUAL,86,3
2026-04-02T09:46:58.484528,20.0,0.0,5.0,17.9,MANUAL,86,3
2026-04-02T09:46:58.484625,20.0,0.0,5.0,17.9,MANUAL,86,3
2026-04-02T09:46:58.485708,20.0,0.0,5.0,17.9,MANUAL,86,3
2026-04-02T09:46:58.485812,20.0,0.0,5.0,17.9,MANUAL,86,4
2026-04-02T09:46:59.619831,23.0,0.0,5.0,17.9,MANUAL,86,4
2026-04-02T09:46:59.620052,23.0,0.0,5.0,17.9,MANUAL,86,4
2026-04-02T09:46:59.620181,23.0,0.0,5.0,17.9,MANUAL,86,4
2026-04-02T09:46:59.628838,23.0,0.0,5.0,17.1,MANUAL,86,4
2026-04-02T09:46:59.629017,23.0,0.0,5.0,17.1,MANUAL,86,4
2026-04-02T09:46:59.629109,23.0,0.0,5.0,17.1,MANUAL,86,4
2026-04-02T09:46:59.630512,23.0,0.0,5.0,17.1,MANUAL,86,4
2026-04-02T09:47:00.210385,30.0,0.0,5.0,17.1,MANUAL,86,4
2026-04-02T09:47:00.674240,30.0,0.0,5.0,17.1,MANUAL,86,4
2026-04-02T09:47:00.674393,30.0,0.0,5.0,17.1,MANUAL,86,4
2026-04-02T09:47:00.674489,30.0,0.0,5.0,16.1,MANUAL,86,4
2026-04-02T09:47:00.675749,30.0,0.0,5.0,16.1,MANUAL,86,4
2026-04-02T09:47:00.675938,30.0,0.0,5.0,16.1,MANUAL,85,4
2026-04-02T09:47:00.676030,30.0,0.0,5.0,16.1,MANUAL,85,4
2026-04-02T09:47:01.372563,35.0,0.0,5.0,16.1,MANUAL,85,4
2026-04-02T09:47:01.372701,35.0,0.0,5.0,16.1,MANUAL,85,4
2026-04-02T09:47:01.372789,35.0,0.0,5.0,16.1,MANUAL,85,4
2026-04-02T09:47:01.372874,35.0,0.0,5.0,15.1,MANUAL,85,4
2026-04-02T09:47:01.372955,35.0,0.0,5.0,15.1,MANUAL,85,4
2026-04-02T09:47:01.373043,35.0,0.0,5.0,15.1,MANUAL,85,4
2026-04-02T09:47:01.373130,35.0,0.0,5.0,15.1,MANUAL,85,4
2026-04-02T09:47:10.734833,40.0,0.0,5.0,15.1,MANUAL,85,4
2026-04-02T09:47:10.734997,40.0,0.0,5.0,15.1,MANUAL,85,4
2026-04-02T09:47:10.735099,40.0,0.0,5.0,15.1,MANUAL,85,4
2026-04-02T09:47:10.737711,40.0,0.0,5.0,14.1,MANUAL,85,4
2026-04-02T09:47:10.737829,40.0,0.0,5.0,14.1,AUTO,85,4
2026-04-02T09:47:10.737916,40.0,0.0,5.0,14.1,AUTO,85,4
2026-04-02T09:47:10.737999,40.0,0.0,5.0,14.1,AUTO,85,4
2026-04-02T09:47:11.456031,45.0,0.0,5.0,14.1,AUTO,85,4
2026-04-02T09:47:11.756179,45.0,0.0,5.0,14.1,AUTO,85,4
2026-04-02T09:47:11.756610,45.0,0.0,5.0,14.1,AUTO,85,4
2026-04-02T09:47:11.756727,45.0,0.0,5.0,13.2,AUTO,85,4
2026-04-02T09:47:11.769548,45.0,0.0,5.0,13.2,AUTO,85,4
2026-04-02T09:47:11.769840,45.0,0.0,5.0,13.2,AUTO,85,4
2026-04-02T09:47:11.770051,45.0,0.0,5.0,13.2,AUTO,85,4
2026-04-02T09:47:12.451480,50.0,0.0,5.0,13.2,AUTO,85,4
2026-04-02T09:47:12.748706,50.0,0.0,5.0,13.2,AUTO,85,4
2026-04-02T09:47:12.759617,50.0,0.0,5.0,13.2,AUTO,85,4
2026-04-02T09:47:12.759827,50.0,0.0,5.0,12.3,AUTO,85,4
2026-04-02T09:47:12.759961,50.0,0.0,5.0,12.3,AUTO,85,4
2026-04-02T09:47:12.761186,50.0,0.0,5.0,12.3,AUTO,84,4
2026-04-02T09:47:12.761373,50.0,0.0,5.0,12.3,AUTO,84,4
2026-04-02T09:47:13.441505,50.0,0.0,5.0,12.3,AUTO,84,4
2026-04-02T09:47:13.745867,50.0,5.0,5.0,12.3,AUTO,84,4
2026-04-02T09:47:13.748001,50.0,5.0,5.0,12.3,AUTO,84,4
2026-04-02T09:47:13.748126,50.0,5.0,5.0,11.5,AUTO,84,4
2026-04-02T09:47:13.748214,50.0,5.0,5.0,11.5,AUTO,84,4
2026-04-02T09:47:13.748296,50.0,5.0,5.0,11.5,AUTO,84,4
2026-04-02T09:47:13.748380,50.0,5.0,5.0,11.5,AUTO,84,3
2026-04-02T09:47:14.444033,50.0,5.0,5.0,11.5,AUTO,84,3
2026-04-02T09:47:14.774822,50.0,10.0,5.0,11.5,AUTO,84,3
2026-04-02T09:47:14.774967,50.0,10.0,5.0,11.5,AUTO,84,3
2026-04-02T09:47:14.775088,50.0,10.0,5.0,10.9,AUTO,84,3
2026-04-02T09:47:14.777292,50.0,10.0,5.0,10.9,AUTO,84,3
2026-04-02T09:47:14.777419,50.0,10.0,5.0,10.9,AUTO,84,3
2026-04-02T09:47:14.777509,50.0,10.0,5.0,10.9,AUTO,84,3
2026-04-02T09:47:15.460490,50.0,10.0,5.0,10.9,AUTO,84,3
2026-04-02T09:47:15.740646,50.0,15.0,5.0,10.9,AUTO,84,3
2026-04-02T09:47:15.740805,50.0,15.0,5.0,10.9,AUTO,84,3
2026-04-02T09:47:15.742747,50.0,15.0,5.0,10.4,AUTO,84,3
2026-04-02T09:47:15.742863,50.0,15.0,5.0,10.4,AUTO,84,3
2026-04-02T09:47:15.742969,50.0,15.0,5.0,10.4,AUTO,83,3
2026-04-02T09:47:15.743054,50.0,15.0,5.0,10.4,AUTO,83,3
2026-04-02T09:47:16.458421,50.0,15.0,5.0,10.4,AUTO,83,3
2026-04-02T09:47:16.769550,50.0,20.0,5.0,10.4,AUTO,83,3
2026-04-02T09:47:16.769967,50.0,20.0,5.0,10.4,AUTO,83,3
2026-04-02T09:47:16.770264,50.0,20.0,5.0,10.1,AUTO,83,3
2026-04-02T09:47:16.770359,50.0,20.0,5.0,10.1,AUTO,83,3
2026-04-02T09:47:16.770443,50.0,20.0,5.0,10.1,AUTO,83,3
2026-04-02T09:47:16.772517,50.0,20.0,5.0,10.1,AUTO,83,3
2026-04-02T09:47:17.459948,50.0,20.0,5.0,10.1,AUTO,83,3
2026-04-02T09:47:17.750150,50.0,25.0,5.0,10.1,AUTO,83,3
2026-04-02T09:47:17.753102,50.0,25.0,5.0,10.1,AUTO,83,3
2026-04-02T09:47:17.754837,50.0,25.0,5.0,10.0,AUTO,83,3
2026-04-02T09:47:17.755957,50.0,25.0,5.0,10.0,AUTO,83,3
2026-04-02T09:47:17.756266,50.0,25.0,5.0,10.0,AUTO,83,3
2026-04-02T09:47:17.757150,50.0,25.0,5.0,10.0,AUTO,83,4
2026-04-02T09:47:18.440203,50.0,25.0,5.0,10.0,AUTO,83,4
2026-04-02T09:47:18.756528,50.0,30.0,5.0,10.0,AUTO,83,4
2026-04-02T09:47:18.756932,50.0,30.0,5.0,10.0,AUTO,83,4
2026-04-02T09:47:18.757217,50.0,30.0,5.0,10.1,AUTO,83,4
2026-04-02T09:47:18.759424,50.0,30.0,5.0,10.1,AUTO,83,4
2026-04-02T09:47:18.759538,50.0,30.0,5.0,10.1,AUTO,82,4
2026-04-02T09:47:18.759627,50.0,30.0,5.0,10.1,AUTO,82,4
2026-04-02T09:47:19.443669,50.0,30.0,5.0,10.1,AUTO,82,4
2026-04-02T09:47:19.748991,50.0,35.0,5.0,10.1,AUTO,82,4
2026-04-02T09:47:19.749401,50.0,35.0,5.0,10.1,AUTO,82,4
2026-04-02T09:47:19.749921,50.0,35.0,5.0,10.4,AUTO,82,4
2026-04-02T09:47:19.750029,50.0,35.0,5.0,10.4,AUTO,82,4
2026-04-02T09:47:19.752625,50.0,35.0,5.0,10.4,AUTO,82,4
2026-04-02T09:47:19.752730,50.0,35.0,5.0,10.4,AUTO,82,4
2026-04-02T09:47:20.464201,50.0,35.0,5.0,10.4,AUTO,82,4
2026-04-02T09:47:20.916005,50.0,40.0,5.0,10.4,AUTO,82,4
2026-04-02T09:47:20.916275,50.0,40.0,5.0,10.4,AUTO,82,4
2026-04-02T09:47:20.916434,50.0,40.0,5.0,10.9,AUTO,82,4
2026-04-02T09:47:20.918689,50.0,40.0,5.0,10.9,AUTO,82,4
2026-04-02T09:47:20.918797,50.0,40.0,5.0,10.9,AUTO,82,4
2026-04-02T09:47:20.918885,50.0,40.0,5.0,10.9,AUTO,82,4
2026-04-02T09:47:21.621300,50.0,40.0,5.0,10.9,AUTO,82,4
2026-04-02T09:47:21.621587,50.0,45.0,5.0,10.9,AUTO,82,4
2026-04-02T09:47:21.621698,50.0,45.0,5.0,10.9,AUTO,82,4
2026-04-02T09:47:21.621941,50.0,45.0,5.0,11.5,AUTO,82,4
2026-04-02T09:47:21.624069,50.0,45.0,5.0,11.5,AUTO,82,4
2026-04-02T09:47:21.624269,50.0,45.0,5.0,11.5,AUTO,82,4
2026-04-02T09:47:21.624363,50.0,45.0,5.0,11.5,AUTO,82,4
2026-04-02T09:47:22.453773,50.0,45.0,5.0,11.5,AUTO,82,4
2026-04-02T09:47:22.762255,50.0,50.0,5.0,11.5,AUTO,82,4
2026-04-02T09:47:22.762454,50.0,50.0,5.0,11.5,AUTO,82,4
2026-04-02T09:47:22.762557,50.0,50.0,5.0,12.3,AUTO,82,4
2026-04-02T09:47:22.768410,50.0,50.0,5.0,12.3,AUTO,82,4
2026-04-02T09:47:22.768558,50.0,50.0,5.0,12.3,AUTO,81,4
2026-04-02T09:47:22.768699,50.0,50.0,5.0,12.3,AUTO,81,4
2026-04-02T09:47:23.444586,45.0,50.0,5.0,12.3,AUTO,81,4
2026-04-02T09:47:23.730925,45.0,50.0,5.0,12.3,AUTO,81,4
2026-04-02T09:47:23.731125,45.0,50.0,5.0,12.3,AUTO,81,4
2026-04-02T09:47:23.732325,45.0,50.0,5.0,13.2,AUTO,81,4
2026-04-02T09:47:23.732456,45.0,50.0,5.0,13.2,AUTO,81,4
2026-04-02T09:47:23.732547,45.0,50.0,5.0,13.2,AUTO,81,4
2026-04-02T09:47:23.732640,45.0,50.0,5.0,13.2,AUTO,81,4
2026-04-02T09:47:24.445103,40.0,50.0,5.0,13.2,AUTO,81,4
2026-04-02T09:47:24.740861,40.0,50.0,5.0,13.2,AUTO,81,4
2026-04-02T09:47:24.741249,40.0,50.0,5.0,13.2,AUTO,81,4
2026-04-02T09:47:24.741670,40.0,50.0,5.0,14.2,AUTO,81,4
2026-04-02T09:47:24.750495,40.0,50.0,5.0,14.2,AUTO,81,4
2026-04-02T09:47:24.750640,40.0,50.0,5.0,14.2,AUTO,81,4
2026-04-02T09:47:24.750734,40.0,50.0,5.0,14.2,AUTO,81,3
2026-04-02T09:47:25.445660,35.0,50.0,5.0,14.2,AUTO,81,3
2026-04-02T09:47:25.750945,35.0,50.0,5.0,14.2,AUTO,81,3
2026-04-02T09:47:25.758800,35.0,50.0,5.0,14.2,AUTO,81,3
2026-04-02T09:47:25.759347,35.0,50.0,5.0,15.2,AUTO,81,3
2026-04-02T09:47:25.759665,35.0,50.0,5.0,15.2,AUTO,81,3
2026-04-02T09:47:25.759763,35.0,50.0,5.0,15.2,AUTO,80,3
2026-04-02T09:47:25.759852,35.0,50.0,5.0,15.2,AUTO,80,3
2026-04-02T09:47:26.452317,30.0,50.0,5.0,15.2,AUTO,80,3
2026-04-02T09:47:26.740297,30.0,50.0,5.0,15.2,AUTO,80,3
2026-04-02T09:47:26.745519,30.0,50.0,5.0,15.2,AUTO,80,3
2026-04-02T09:47:26.746753,30.0,50.0,5.0,16.2,AUTO,80,3
2026-04-02T09:47:26.746936,30.0,50.0,5.0,16.2,MANUAL,80,3
2026-04-02T09:47:26.747031,30.0,50.0,5.0,16.2,MANUAL,80,3
2026-04-02T09:47:26.747132,30.0,50.0,5.0,16.2,MANUAL,80,3
2026-04-02T09:47:27.451292,25.0,50.0,5.0,16.2,MANUAL,80,3
2026-04-02T09:47:27.755348,25.0,50.0,5.0,16.2,MANUAL,80,3
2026-04-02T09:47:27.755551,25.0,50.0,5.0,16.2,MANUAL,80,3
2026-04-02T09:47:27.756662,25.0,50.0,5.0,17.1,MANUAL,80,3
2026-04-02T09:47:27.756793,25.0,50.0,5.0,17.1,MANUAL,80,3
2026-04-02T09:47:27.756884,25.0,50.0,5.0,17.1,MANUAL,80,3
2026-04-02T09:47:27.756973,25.0,50.0,5.0,17.1,MANUAL,80,4
2026-04-02T09:47:28.465852,20.0,50.0,5.0,17.1,MANUAL,80,4
2026-04-02T09:47:28.756364,20.0,50.0,5.0,17.1,MANUAL,80,4
2026-04-02T09:47:28.756827,20.0,50.0,5.0,17.1,MANUAL,80,4
2026-04-02T09:47:28.757869,20.0,50.0,5.0,18.0,MANUAL,80,4
2026-04-02T09:47:28.757995,20.0,50.0,5.0,18.0,MANUAL,80,4
2026-04-02T09:47:28.758103,20.0,50.0,5.0,18.0,MANUAL,79,4
2026-04-02T09:47:28.758202,20.0,50.0,5.0,18.0,MANUAL,79,4
2026-04-02T09:47:29.453939,15.0,50.0,5.0,18.0,MANUAL,79,4
2026-04-02T09:47:29.748322,15.0,50.0,5.0,18.0,MANUAL,79,4
2026-04-02T09:47:29.749508,15.0,50.0,5.0,18.0,MANUAL,79,4
2026-04-02T09:47:29.749644,15.0,50.0,5.0,18.7,MANUAL,79,4
2026-04-02T09:47:29.749738,15.0,50.0,5.0,18.7,MANUAL,79,4
2026-04-02T09:47:29.749824,15.0,50.0,5.0,18.7,MANUAL,79,4
2026-04-02T09:47:29.749909,15.0,50.0,5.0,18.7,MANUAL,79,4
2026-04-02T09:47:30.450704,10.0,50.0,5.0,18.7,MANUAL,79,4
2026-04-02T09:47:30.752167,10.0,50.0,5.0,18.7,MANUAL,79,4
2026-04-02T09:47:30.752420,10.0,50.0,5.0,18.7,MANUAL,79,4
2026-04-02T09:47:30.752650,10.0,50.0,5.0,19.3,MANUAL,79,4
2026-04-02T09:47:30.752744,10.0,50.0,5.0,19.3,MANUAL,79,4
2026-04-02T09:47:30.752831,10.0,50.0,5.0,19.3,MANUAL,79,4
2026-04-02T09:47:30.752921,10.0,50.0,5.0,19.3,MANUAL,79,4
2026-04-02T09:47:31.464757,5.0,50.0,5.0,19.3,MANUAL,79,4
2026-04-02T09:47:31.762158,5.0,50.0,5.0,19.3,MANUAL,79,4
2026-04-02T09:47:31.763078,5.0,50.0,5.0,19.3,MANUAL,79,4
2026-04-02T09:47:31.763210,5.0,50.0,5.0,19.7,MANUAL,79,4
2026-04-02T09:47:31.764358,5.0,50.0,5.0,19.7,MANUAL,79,4
2026-04-02T09:47:31.764466,5.0,50.0,5.0,19.7,MANUAL,79,4
2026-04-02T09:47:31.764653,5.0,50.0,5.0,19.7,MANUAL,79,4
2026-04-02T09:47:32.455347,0.0,50.0,5.0,19.7,MANUAL,79,4
2026-04-02T09:47:32.754268,0.0,50.0,5.0,19.7,MANUAL,79,4
2026-04-02T09:47:32.754572,0.0,50.0,5.0,19.7,MANUAL,79,4
2026-04-02T09:47:32.755626,0.0,50.0,5.0,20.0,MANUAL,79,4
2026-04-02T09:47:32.755752,0.0,50.0,5.0,20.0,MANUAL,79,4
2026-04-02T09:47:32.755854,0.0,50.0,5.0,20.0,MANUAL,78,4
2026-04-02T09:47:32.755946,0.0,50.0,5.0,20.0,MANUAL,78,4
2026-04-02T09:47:33.499798,0.0,50.0,5.0,20.0,MANUAL,78,4
2026-04-02T09:47:33.791059,0.0,45.0,5.0,20.0,MANUAL,78,4
2026-04-02T09:47:33.791207,0.0,45.0,5.0,20.0,MANUAL,78,4
2026-04-02T09:47:33.791336,0.0,45.0,5.0,20.0,MANUAL,78,4
2026-04-02T09:47:33.793207,0.0,45.0,5.0,20.0,MANUAL,78,4
2026-04-02T09:47:33.793338,0.0,45.0,5.0,20.0,MANUAL,78,4
2026-04-02T09:47:33.793431,0.0,45.0,5.0,20.0,MANUAL,78,4
2026-04-02T09:47:34.625173,0.0,45.0,5.0,20.0,MANUAL,78,4
2026-04-02T09:47:35.073683,0.0,40.0,5.0,20.0,MANUAL,78,4
2026-04-02T09:47:35.074033,0.0,40.0,5.0,20.0,MANUAL,78,4
2026-04-02T09:47:35.074273,0.0,40.0,5.0,19.8,MANUAL,78,4
2026-04-02T09:47:35.074396,0.0,40.0,5.0,19.8,MANUAL,78,4
2026-04-02T09:47:35.074709,0.0,40.0,5.0,19.8,MANUAL,78,4
2026-04-02T09:47:35.074819,0.0,40.0,5.0,19.8,MANUAL,78,3
2026-04-02T09:47:35.488687,0.0,40.0,5.0,19.8,MANUAL,78,3
2026-04-02T09:47:35.700294,0.0,35.0,5.0,19.8,MANUAL,78,3
2026-04-02T09:47:35.700541,0.0,35.0,5.0,19.8,MANUAL,78,3
2026-04-02T09:47:35.700647,0.0,35.0,5.0,19.5,MANUAL,78,3
2026-04-02T09:47:35.700735,0.0,35.0,5.0,19.5,MANUAL,78,3
2026-04-02T09:47:35.708171,0.0,35.0,5.0,19.5,MANUAL,77,3
2026-04-02T09:47:35.708364,0.0,35.0,5.0,19.5,MANUAL,77,3
2026-04-02T09:47:36.499730,0.0,35.0,5.0,19.5,MANUAL,77,3
2026-04-02T09:47:36.978005,0.0,30.0,5.0,19.5,MANUAL,77,3
2026-04-02T09:47:36.978154,0.0,30.0,5.0,19.5,MANUAL,77,3
2026-04-02T09:47:36.987372,0.0,30.0,5.0,18.9,MANUAL,77,3
2026-04-02T09:47:36.987737,0.0,30.0,5.0,18.9,MANUAL,77,3
2026-04-02T09:47:36.988058,0.0,30.0,5.0,18.9,MANUAL,77,3
2026-04-02T09:47:36.988176,0.0,30.0,5.0,18.9,MANUAL,77,3
2026-04-02T09:47:37.459697,0.0,30.0,5.0,18.9,MANUAL,77,3
2026-04-02T09:47:37.523885,0.0,25.0,5.0,18.9,MANUAL,77,3
2026-04-02T09:47:37.524478,0.0,25.0,5.0,18.9,MANUAL,77,3
2026-04-02T09:47:37.524617,0.0,25.0,5.0,18.3,MANUAL,77,3
2026-04-02T09:47:37.526796,0.0,25.0,5.0,18.3,MANUAL,77,3
2026-04-02T09:47:37.526911,0.0,25.0,5.0,18.3,MANUAL,77,3
2026-04-02T09:47:37.546682,0.0,25.0,5.0,18.3,MANUAL,77,3
